{"stats":{"minecraft:used":{"minecraft:redstone_torch":1,"minecraft:netherite_sword":4,"minecraft:glass":37,"minecraft:stone_brick_slab":261,"minecraft:lever":12,"minecraft:mossy_stone_bricks":11,"minecraft:water_bucket":85,"minecraft:writable_book":1,"minecraft:black_concrete":187,"minecraft:iron_bars":603,"minecraft:dirt_path":7,"minecraft:command_block":69,"minecraft:lantern":14,"minecraft:barrier":22,"minecraft:oak_stairs":2,"minecraft:grass_block":122,"minecraft:armor_stand":12,"minecraft:spruce_slab":2,"minecraft:redstone":3,"minecraft:oak_button":3,"minecraft:oak_planks":11,"minecraft:stone_button":1,"minecraft:oak_sign":14,"minecraft:lectern":1,"minecraft:chest":8,"minecraft:leather_chestplate":1,"minecraft:mossy_stone_brick_stairs":8,"minecraft:stone":8,"minecraft:iron_sword":622,"minecraft:zombie_spawn_egg":4,"minecraft:redstone_block":5,"minecraft:tropical_fish_spawn_egg":16,"minecraft:spruce_sign":6,"minecraft:glow_ink_sac":4,"minecraft:cat_spawn_egg":5,"minecraft:mossy_stone_brick_slab":5,"minecraft:stone_brick_stairs":351,"minecraft:stone_bricks":739,"minecraft:soul_lantern":9,"minecraft:debug_stick":26,"minecraft:chiseled_stone_bricks":505,"minecraft:torch":2,"minecraft:repeater":24,"minecraft:diamond_block":13,"minecraft:dirt":17,"minecraft:cobblestone":813,"minecraft:comparator":2,"minecraft:written_book":1,"minecraft:crafting_table":4,"minecraft:green_dye":2,"minecraft:bucket":9,"minecraft:chain_command_block":53,"minecraft:trapped_chest":1,"minecraft:white_bed":1,"minecraft:repeating_command_block":14,"minecraft:stone_brick_wall":18,"minecraft:coarse_dirt":10,"minecraft:red_dye":2,"minecraft:mossy_stone_brick_wall":17,"minecraft:cobweb":34,"minecraft:obsidian":136},"minecraft:picked_up":{"minecraft:rotten_flesh":3},"minecraft:custom":{"minecraft:time_since_rest":84436,"minecraft:sprint_one_cm":145472,"minecraft:damage_taken":7432,"minecraft:walk_one_cm":298103,"minecraft:trigger_trapped_chest":1,"minecraft:mob_kills":167,"minecraft:damage_dealt":30315,"minecraft:interact_with_crafting_table":5,"minecraft:swim_one_cm":1094,"minecraft:fly_one_cm":2627612,"minecraft:open_chest":17,"minecraft:crouch_one_cm":9613,"minecraft:play_time":352339,"minecraft:deaths":9,"minecraft:sneak_time":9083,"minecraft:walk_under_water_one_cm":15698,"minecraft:jump":845,"minecraft:leave_game":11,"minecraft:time_since_death":84409,"minecraft:walk_on_water_one_cm":6632,"minecraft:total_world_time":391808,"minecraft:fall_one_cm":6066},"minecraft:crafted":{"minecraft:leather_leggings":4,"minecraft:leather_boots":5,"minecraft:leather_chestplate":4},"minecraft:killed_by":{"minecraft:zombie":3},"minecraft:killed":{"minecraft:cat":2,"minecraft:zombie":162,"minecraft:chicken":1}},"DataVersion":3700}